,0
2026-09-10 22:01:49,12.229291207150833
2026-09-11 00:17:19,12.35478161491137
2026-09-11 04:54:16,12.536377368523542
2026-09-11 09:14:17,12.374137768204864
2026-09-11 13:40:52,12.132264059247927
2026-09-11 17:24:12,12.030939885319269
2026-09-11 19:53:11,11.982770460138198
2026-09-11 22:04:10,12.06549164427637
2026-09-12 00:24:42,12.208431621930389
2026-09-12 04:47:15,11.998122938799447
2026-09-12 08:54:56,11.916893429343792
2026-09-12 12:28:30,11.85551649323489
2026-09-12 15:42:30,11.841210854037312
2026-09-12 17:56:28,12.325550775027567
2026-09-12 19:51:52,12.655049171317096
2026-09-12 21:46:15,11.996287792201587
2026-09-12 23:30:26,12.212584015770975
2026-09-13 01:19:31,12.618966966015671
2026-09-13 06:22:44,12.56638665231083
2026-09-13 12:09:11,12.252943808997884
2026-09-13 16:30:33,12.150695300395272
2026-09-13 18:53:33,12.819160264407497
2026-09-13 21:11:46,12.521289430470146
2026-09-13 23:16:24,12.733487006333423
2026-09-14 01:16:58,12.596065758540584
2026-09-14 06:32:21,13.314261894229446
2026-09-14 13:27:25,12.07730355115503
2026-09-14 18:47:02,11.987636493232145
2026-09-14 22:10:47,11.961892646534618
2026-09-15 00:44:22,12.123150508694122
2026-09-15 05:32:48,12.28964961384703
2026-09-15 10:35:30,12.142257691103776
2026-09-15 15:19:51,11.505103413741503
2026-09-15 19:07:35,11.999196752361707
2026-09-15 22:22:18,11.309932778301938
2026-09-16 00:34:17,11.534847946362868
2026-09-16 05:25:48,11.414218472550239
2026-09-16 10:07:28,11.396079621299057
2026-09-16 15:04:06,10.997848121154291
2026-09-16 18:57:57,11.778397359704103
2026-09-16 21:50:39,11.802661412887739
2026-09-16 23:57:08,11.673014103981322
2026-09-17 02:38:22,11.603914983597246
2026-09-17 08:03:52,12.230272128428194
2026-09-17 13:38:09,11.789236699398398
2026-09-17 17:48:02,12.378096582073411
2026-09-17 20:39:56,12.490135373731148
2026-09-17 23:11:45,12.068926810777539
2026-09-18 01:20:33,12.1984311452499
2026-09-18 06:05:32,12.140440226292572
2026-09-18 11:31:00,13.069914032591175
2026-09-18 15:19:48,13.368962236619081
2026-09-18 18:34:46,13.234534090772337
2026-09-18 21:20:20,13.167435566328876
2026-09-18 23:24:26,13.366881851143384
2026-09-19 01:19:32,13.502490468627958
2026-09-19 06:04:45,13.733208131410807
2026-09-19 11:14:52,14.680163590204602
2026-09-19 14:33:25,13.161501753964275
2026-09-19 17:33:33,13.635289057448642
2026-09-19 19:42:22,13.186814634882833
2026-09-19 21:52:51,13.229988346653249
2026-09-19 23:43:48,12.96890501882463
2026-09-20 02:01:04,12.98720903943915
2026-09-20 07:49:22,13.588687130142626
2026-09-20 12:42:56,13.352668861292697
2026-09-20 16:35:17,12.795679033431114
2026-09-20 19:09:01,13.177757056044713
2026-09-20 21:40:49,13.290869004964584
2026-09-20 23:39:57,13.359864163257633
2026-09-21 02:02:06,13.44288559314942
2026-09-21 08:03:39,13.315434769656338
2026-09-21 15:12:05,13.076144180742345
2026-09-21 20:02:33,12.819667980958378
2026-09-21 23:24:35,13.270114643210771
2026-09-22 01:39:55,13.526526086219377
2026-09-22 06:58:05,14.366098299896224
2026-09-22 12:18:18,13.47693475122062
2026-09-22 17:05:46,13.42007133475446
2026-09-22 20:17:14,13.22264605209187
2026-09-22 23:03:39,13.564913228667603
2026-09-23 01:34:37,12.657479726717145
2026-09-23 06:52:20,13.692939785930216
2026-09-23 12:23:11,12.994915617799531
2026-09-23 17:18:16,12.91488217373867
2026-09-23 20:33:33,12.860845110500007
2026-09-23 23:16:30,12.904369089275836
2026-09-24 01:30:49,12.93622270231325
2026-09-24 06:32:23,12.968647614086759
2026-09-24 12:23:21,12.981109457150724
2026-09-24 17:23:28,12.625899205548256
2026-09-24 20:35:18,13.540648019564209
2026-09-24 23:37:11,13.158934471908823
2026-09-25 02:12:02,13.306302829459403
2026-09-25 08:00:01,12.892359882074
2026-09-25 13:17:24,12.573688621323962
2026-09-25 18:00:19,12.381502490632068
2026-09-25 21:10:32,12.569870729264377
2026-09-25 23:59:17,12.91613010269394
2026-09-26 03:26:33,12.576098576583297
2026-09-26 08:44:41,12.285084113855268
2026-09-26 13:26:38,14.023945345072176
2026-09-26 17:18:50,13.695008701645431
2026-09-26 19:59:44,13.27830873528435
2026-09-26 22:23:15,12.958009701235158
2026-09-27 00:44:05,13.521798754694471
2026-09-27 05:56:35,12.36619307776834
2026-09-27 11:02:10,12.387059239333594
2026-09-27 15:42:28,12.785277344091735
2026-09-27 19:22:45,13.33854667908362
2026-09-27 22:23:56,13.848251009488068
2026-09-28 00:57:00,13.06774431887636
2026-09-28 06:08:41,12.339737090214204
2026-09-28 14:14:45,12.928569368265729
2026-09-28 20:38:12,13.019689483545012
2026-09-29 00:42:09,12.72068433589115
2026-09-29 06:21:16,12.35961659770521
2026-09-29 13:09:38,12.648669729353783
2026-09-29 18:44:02,12.865412271684828
2026-09-29 22:44:11,13.08934352987616
2026-09-30 01:43:00,13.532803586530877
2026-09-30 07:37:32,13.640730387258616
2026-09-30 14:21:30,11.998323588031598
2026-09-30 19:31:14,12.800314215650486
2026-09-30 23:17:24,13.312577164359144
2026-10-01 02:14:51,13.482222391357674
2026-10-01 09:08:37,13.517596958552527
2026-10-01 16:34:37,12.40903007630711
2026-10-01 21:28:42,12.735300687386319
2026-10-02 01:00:05,12.684892723274103
2026-10-02 06:41:15,13.264743196707316
2026-10-02 13:17:49,12.68038108334351
2026-10-02 18:33:36,12.261066122771725
2026-10-02 22:39:14,12.685933340954223
2026-10-03 01:31:14,12.956624945640412
2026-10-03 07:12:03,12.840936569753614
2026-10-03 12:39:07,12.628217287712106
2026-10-03 16:50:04,12.822017704582159
2026-10-03 19:34:19,12.555490296767712
2026-10-03 22:30:16,12.680287589159562
2026-10-04 01:50:25,12.71205754987818
2026-10-04 07:31:30,12.777934004528394
2026-10-04 13:32:02,12.556879084154891
2026-10-04 17:55:01,12.708451524956732
2026-10-04 20:34:57,12.82212760310776
2026-10-04 23:40:30,12.49216606058003
2026-10-05 02:42:54,12.359813145120507
2026-10-05 09:43:07,12.568698177943135
2026-10-05 18:55:29,12.685941488219662
2026-10-06 00:26:51,12.601202213152966
2026-10-06 06:37:26,13.06820097338146
2026-10-06 13:44:18,12.383300462209343
2026-10-06 19:11:10,12.581525890156204
2026-10-06 23:08:39,12.295116684956579
2026-10-07 02:31:11,12.203125266990753
2026-10-07 09:27:55,12.669849115321663
2026-10-07 16:44:50,12.34246919989254
2026-10-07 21:41:06,12.281043787009226
2026-10-08 01:24:54,12.417051556328778
2026-10-08 07:37:10,13.264170266931103
2026-10-08 15:01:03,12.656833425428053
2026-10-08 20:44:09,12.702082781965265
2026-10-09 00:46:13,12.591463563425526
2026-10-09 06:53:50,12.903232117667795
2026-10-09 13:56:58,12.624950546474194
2026-10-09 19:09:53,12.25632855674368
2026-10-09 23:22:12,12.499603384989046
2026-10-10 02:28:44,12.447917427243375
2026-10-10 08:46:43,12.507900441568315
2026-10-10 14:52:56,12.194575191134614
2026-10-10 19:01:26,12.254895297020683
