advertiser_userno,0
s12e148ccee1a329fa0c14003299b9f6b,-440.74196258667195
seaf77ce44b50356b8e1a98c505287f0f,-438.70218027661554
s5c2fc7cff6d935429032c3d73b668339,-425.6098565672596
se16695f1c3593634b0c81eedd531d3a0,-351.87725157025545
sc1699bbbc6cd3dc28e248c5cb3d84602,-341.67393833516815
sced7b7d11ea83e2ebf3381352aa77006,-327.2077714460256
s3b8179ae9020341a9bfc21b40f9f7d63,-321.76570383947137
sd8f5809e3799302b81284a7a059af25d,-320.4189160081164
s1b017b57b5bf3badafa5016a0283246c,-273.12643906036715
s60910c9e29713e4487a4f44622a52d9e,-269.898334332977
sd6398145c86c331db7c13fb80785b504,-265.230543109208
s84e21558183e3ec79c70635a95efcdac,-263.39908813516064
s2d9e461dac843b32a0b04a5c154ee52c,-254.7856346377603
s31144b60bec83431865903bb7c2ebea6,-253.77383925579645
s6dba37c530853833a5ab75ccb979dfe3,-235.17241053806026
s9e78f415c79e3117830556b750256a10,-224.64531928000113
s23a5aefc579a346c969211ddd2fcff18,-223.24736324582636
s93b2c1d422d932b58c4ddba31ce7ba92,-221.67992988785247
s7f47b06c00bb33faad51775b6dd29348,-220.1145707557372
s554c28a77560394b997c8d97376bd37d,-219.53517274490147
s28edde4001843137990c2463db42086d,-218.81174897553223
sb8c7b0254dcb3c09b33e87c5e63f8b8f,-212.50985285574217
s4d040898d1c138f1a3fef33ff115275b,-209.23686367585793
s241947f979f3321ca42c4beaa7dd7145,-205.91680280661146
s13fda81c43f23e148c288c6e4c587461,-201.8877747716589
sec6176283a47392ca1ba2d4736ba3a38,-197.90395586560123
s49ae12c36d7d323aaf7c2b6fbf493492,-197.28109955508788
se3f462ac1aeb38949c8742960725585b,-195.43111979459223
s4475c75327d2361aafe3a8efa0c7e063,-194.76366137251978
s1af1da989c9f38bc9d119755088cb7d0,-192.60111933082544
s0eca9b684e113b98b5483a9d115dfb14,-190.9960956541957
se2b3dbb07a8f302d9bc8067434b11211,-183.91867732654316
s5578ffcce1fe3a3a8797c14d3128499a,-183.49660578874386
sda7763b41eb63addb140133265ef28dc,-177.71417546232797
sdc1f9b98467d3a96ab98d8ad90343b7d,-175.2857445938146
sc5ed032f327c3c3a9aac61962555ce51,-174.95268471223872
sf43767e1be443863b252ee34ea65a4ae,-170.11440813643728
sd6418277ea993778beba33a62c1a6f36,-169.1660684006012
sf17553033ee53dd9865e71149acb8b27,-166.97718416828963
s7bdbcb54b13e391cbf555fbf8a538913,-166.7165582491529
se2e8388c14d33a7ca214ce4eabfe5e25,-166.69130966303823
s48bc595bd77634d0b6d11068b9a3d6c0,-165.21542529461783
s15004acf6c0c39ae8d1ab7733436b582,-161.22918609276698
s73f7aa2194f13dada0a34241622df947,-159.0001682759557
s1873dd8fbacb39e29c779f11f30c37be,-158.66304133707968
s92f56770a441392ea0e90cadfc29e10e,-155.68044777643985
s5dc63a1e0b293ddb965ab30338daf8db,-153.86140753937605
s99c43fe7f69635c2998e3ff720f470b1,-152.32447846741755
s05896a57d793331c823797f2ecd0f361,-150.55637116384713
s451881b01a4d3e7abe936bf18a060768,-144.0931479508828
sd2a1fdf1b71a3ce881bd8839a57a335f,-143.31846868255127
s7c30e159b2543090b8e573ead56d1f1e,-143.18052819904318
sb96c714b134b3ce6b574b84c9baa4d08,-140.33398803235187
s9f0bc72818553bffaf7bb4d0af72d3e6,-136.3408186833925
s53d37009b26b3da9987f2fd67f86c9fd,-135.3002913983039
s58d22f6c5810363aaad5b4199b1e1425,-135.13453734009408
sa6846a3b116b3009a6c9f56ef7564809,-133.98265754721973
s99c85ee2f47939d9b789b94f260502b0,-131.75963460820736
safd7ea7716a039f2b7bc4b624da9b010,-128.82972404245805
s09e93675103e3b8985d74d0337475cf6,-128.50030695991978
s7cd28a10b873384cb1971f71770fce1c,-125.68162320695993
s87d07ecd7b8e3cf382008dbdbbd9c50e,-125.58438817224476
s4f5ae5b3b910342c8be532baed288756,-125.10842484932874
sa2defdd3dabb397eb76f837d3220172b,-124.21179925893424
s029fc1353366358e806ce573f430e34e,-123.92026864677486
sd9f65c89fee33f63bfbee3e9a52279e8,-123.08911307440947
s81441d189b7933298953333333076ad8,-122.99194760250424
s5a0d0a423e07362da3f6ae989390e887,-122.23600290494988
s03a7f3528e9236e6b332e6a08d46bdae,-122.00716071723365
s3c331f3176143cd6b68d3a7fe28cbe2d,-121.18641818217506
sf430a5381f08326ca625b9d3d9235259,-121.1753420340636
s2f260ec7c5e53b28bac11f2af45db9ae,-119.81875622520947
s119d2ad0531039178ad9154f08893957,-116.868873838687
sfe413ddf3c4635189611e29d7fdfa22e,-112.95938063311425
s23d2c1c61d1c37cdba93b9c5c581e121,-112.68603737071905
sc4b581ecca3a34a0be1be59688553404,-111.68888190305648
s6a318ef57661313e91d0ff9d052e77dc,-111.49215913807059
sc4a80c6fc52538ce83cf1f7f8de83906,-109.4839661846178
s0bf407afa8713e32b55e56aa834bcc36,-107.21868956161639
sfae1f5fb9fa93dacb81e44b23b93bd81,-106.10822408689668
sd498408522913d53913378b732254413,-105.76516672089225
s6d3191c29ed43821a506d776857647b8,-104.11692576611335
s075340f98caf3cb2a004f9f51ddee321,-104.11030299854978
sbac506ce3dcd3405a58addcdeb574269,-103.51599452900622
s20829106779931788fdb25fd54245db7,-102.45786030572032
s5be8184c581132219dc28f962e1ba2ca,-102.14509887127863
s2e43efd0e9aa3a22832b9462539cfa6a,-101.42878273588622
sfed11e71d8563ec6b66c7fdcc78a08cd,-100.41251895102361
s18ea314459df32899722fb84c9353661,-98.98754007079461
s79151601886d3d5eb83d5e447e61cc1a,-98.95866461135002
se16439f81053360fa8e359d041062294,-98.3074285323377
s5fa26240eadb3cb28dee98556d3ada2a,-98.0442778216841
s0ccc0acea28136a99e8dbd817ba5eca1,-97.32018866683427
s293aeb53c08e3b499ae9ed04c2b0abd6,-96.61703816546216
s0628191ad50d3cdfa2623f635d488636,-96.03495351581992
s1715688367383f83a0ab8d42103917c6,-95.66279280091226
s37a201f5ac5b3e8499f7be9294358e94,-95.12149672441203
sde08230cb493327eaae1d3e3f3d7525a,-94.58745820629508
sb0f487c50f173b1795f433dd6fbd5499,-94.54593459488761
s9d974f77f950369ca2b11d2bba9b9ca5,-94.41383389580665
s7981cd0136e8313c942ea5885b96f9ac,-93.6399873309602
s3b1d7962200039cea62e15993127ded7,-93.17849366641914
s37fba4390b6334c7912f189e062b3e62,-91.72128480593582
s51e559a361f6322aa64f928980dd8a93,-91.57308168865532
s9d2f1b467f0f34deaa62c82d6b1475eb,-88.80748088890675
s5cd07bb1c22d3cf4a5b491aaa9ea0589,-88.75153816871997
sbeaf525de4753af5a974a20b6be883a4,-88.65503665168976
sae581517af143655b03005488ad0060f,-87.58208110579726
s32505c10d17536bc87331c806d679951,-86.4997929642694
s4472cdd6791f320ba252ae50f2b6bb4d,-86.12093386212227
s12dd0f0e204230ab9832fdcc38aff7e4,-85.91743108678942
s9cfff61f843f39e1bc85342784fda526,-85.59381282150102
s3f0aa99735193e33aebf7730587487a0,-85.58946865774138
s9e2c54ae50483249b779912332cdfa23,-84.29470639291226
sa2c518cc99b834e2aa6664d00369b8ae,-84.25004894033913
se6a21fe9604d3aa2a5579214352ce9b7,-83.63199849765952
sa39618c0e0da344f92942f2441adf211,-83.24294646718049
s74211fd8e6d434ddbb3071f87cd7dea1,-83.15500946405882
s133cb8cdf9cc3933ae590d45fce5963e,-82.67691222983018
s30378ec4bc3b3f968a2a9022e2d5a31c,-81.64814380387098
s0e34c02aa9013ec5930c9ca4153d3c48,-80.6439038586408
s8ae7d2a5c27b353cb4fd2d355e38a30f,-80.41553336211479
s4f34ddcad70b3dc6b3955f692e58a48d,-80.05716004943217
s329b2971c27a3a28b702bb302563e3c9,-78.12522372933577
sdc36cc2479403abf94a5a6fcbda78ea4,-77.74755625601634
scc2b2a29b97c36f48661a107be448dd7,-77.44765205635682
s0935efd2f34f394485fdde9b75ec484d,-77.16966093174261
sc32878e945b633e78445071b9c88ebd9,-76.4436114225739
s7623ed5ed65c35bd862a65d1bd07bdf0,-76.38152732574127
s59b2a1b0d3093079bbdaeb79e5a64224,-75.58638862839675
s58d45b31ab593a0fa1c385136b11af4a,-75.528935254287
sb0a534cbef033d24896d55196afaea8d,-74.19390065678795
s631ddf317ce63760a8786636de28eec3,-74.01650052641662
s8b13dac134de3844a52d233d396d1f38,-73.2708772319456
s59aad0f5428039f4befe2e8b4e1cc537,-72.47155594824811
s75c5d6c25dd436078170cc1e5c0108c3,-71.02445642039488
s1f00c7cf7d8736338fab68a189dae197,-70.01772112795004
sd6cd0ce971f832e69cfef6d7d8936f09,-69.94035719418912
sae16d459d062382e94a95dcaebd004cd,-69.47145911678467
sd1204f161b663b81ab70132095be2228,-69.42104799482775
s63958a50471537b8ae2b4325ad8a9f79,-68.15705140350846
sb0c2c47793953db6a1429028976a702c,-67.64069087096837
s0eb8cd0f5a6b39d09dda8ae3400a4640,-67.25840219357491
sd7520b0891fd308aae84eed8672af6aa,-66.35941875413059
sf8330ce1b85b3d7d92525ff06ebfc227,-66.21654507195132
s1bab740e3e66364195e819e89f50572e,-66.09233846985339
s063f77cce6f43938a0632026ae60a384,-66.08654809972238
s6292d32b1a913503a3e295b65d5a5891,-65.99056673869777
sd7c1689853fd3970824eeb19b94ff12e,-65.18263252726018
s2de1e984caed3790bf89aeaf924e2688,-65.11548346661445
s00d9a807c1343e90b7afa0ec8f0e4644,-64.88171678558028
s10936f3de7823f81acfa5f2d2b613bc6,-64.4395778738233
sb798f56e112a3ffca0b44c46ac390e08,-63.25481568555267
s34146b251fdf3fc0b2788a78197b3f06,-61.60578718538365
sf4c36c8cc36b3ff0b75c5545ebaacfe0,-61.56421510826232
s5ffc805e23313872aed1e29d56ee63e7,-59.738910090656454
s2a6a030ebe553dccbb173a23e094e3b9,-59.214087944512926
s7ee427743772359aa88d6aa333b63f7a,-59.15849624156395
sa1b0f873095f3a919bd49a93f844008a,-59.03184557113293
s1ca7fd546d5e3cd48bee217b51a0dbb8,-58.57392501399957
s338bc9a1ca973562928deafca0e2a5f1,-58.092689811358824
s1caec060f8f137359d6a07dc1feaeb57,-57.03734168622697
s546c104df325388fbcb91ff13db08d7f,-56.89678618816137
s3e3021bfea6f359bb75ea058545c6ee8,-56.595821765933785
sb9397e53a24c381d9a3aaa7443d1a6ac,-56.34069758176439
sb91e025b2ed8331c97aae743dab1cc9c,-56.30369865936687
sd3fd9ef842fd3341af504416d7d7add6,-55.467664803771555
s7094bdadcb103ff6aafeaeb7feab9e76,-55.31804920140108
sb7def5c7a42e3595b2b8bbffb35e75c0,-55.21586826018327
s5fea3dddec383f16a93d62610dfbb227,-55.101627481232015
s1d46b8b0d9d33464affd815f7451b185,-54.06144588692828
s741939dfd29b36e3ab8d89f3c6fd538e,-53.02814163394151
s3b5955c691b43e03a4b188971dc67c20,-52.82584708870214
s96d85175ef9936428c52ac23a7137ee9,-52.74892118278616
sba97dbefcf663ae5bff1c495ee407e80,-51.84837240116237
s11c06bd5441537b2837be4ec8a99257b,-51.803057906990574
s088ff7e11ba43babb3a3947496430ab9,-51.3988107986706
s07e4c7963e6034d0afd4a7a58771ea9a,-51.18536878884463
s4ab6ec9fdff03d30a52c8cba978a3e5a,-51.06215706010507
s990871e9405a3d50b29b594bdb251497,-51.03132124610004
s29fb994d2b6c345ebcb91a4e1d97d867,-50.76726979052975
sfaa449a0d9423434a03e94ea62ec20e5,-49.326951748581294
s8ca3341ed64b37d198c0323f3dd8d485,-49.20562011134348
sd88b3f60d0b034f1bf3de0654278c8dd,-48.96742245900863
s9e42bc799e9637c3a515b970e0f2d4cf,-48.43778789506675
scd97b095ac803afeb55cc97e39323250,-48.172063523377275
sdf171117532f3e2b9bc787453848f991,-48.12483860395245
s98ee0b2fa72c3b9abeaea89db3d15759,-47.107096327428245
s8cb79da7b476380e92d59a8b7f57ed46,-46.75520457010839
sf9ca1195743a32e8bc57725b893a9ed3,-45.835888795591366
sd9588c35afd336cbac16425413b9d101,-45.816776618603754
s6d49ae86e8a03c198526136381df26aa,-45.00608823480681
s97be9c7b18d132e6b033d6d32424b4d8,-44.680174418362256
se621001fac7333ebabd11987422652cd,-44.5299055903063
s9c1b77f4a6df319887e532d71e22cbf5,-44.20932540286705
s1355461e896e3da4aa6fb8b07d5f9175,-44.115056690838315
s73367cf1d79e3a8f8567480af00fec1f,-43.235505607774414
s9df60a041047313388261e34c023ecf4,-43.09208873589659
s67a1fb3af8293cf591c998b537b196ca,-42.93065258391697
s82e7edb9bde435c2b9957f2d6108a7b5,-42.518312367267505
s88a7636ccecd3744900f30fd28e42db8,-42.39368802927891
sd28703df65c23624ba8658a340e53f54,-42.149033436554575
se1f0fc1947ae39bb93f4361a1298947d,-41.83192783444104
s2aa6f4b635423921a0f52360cb339f43,-41.72419074587532
s3f6b4e1827e13967a0936dbfaeddc719,-41.651326534918724
s52661fb1463431d58c72b2d9bae55417,-41.33695985319213
s6ce2e39c8a0731aa999574b48c4b16ca,-41.319554865731774
s1b8bd969c91b327b9ebbc58e6402eb96,-40.678921216676486
s1453bc47dfe434f68b10dd7f0a78f0a6,-39.73930263439589
s7cb1bfad43fb3bafad750d757d522574,-39.55428019387461
sc57ad32d0c1a3b0782621653e9a8fe69,-39.34437918866249
sc6fc90fb433237fea7b5f3a35f68323f,-38.716576900746986
sa1b699cbddc03e1f8b8a5e9878aa47c0,-38.49386893724827
s6b1ed912ac0b390e8069f0ddf1806333,-38.485976978577256
s9981e6fecf253b85a2c7d8a077a88d09,-38.38715798073332
s4e78de096ab2366484740c8e70380f82,-38.016772552722244
s4ffc6275bde837418e5737b6aea00bd0,-37.895302122866724
s8c115b8c83093b5098383243159b20ad,-37.550783233383086
sb2907021e8a03419be57afeaa9fc6d9d,-37.51562186923761
s4a01308d04ec35feb67564bf9c3de7a0,-37.12882775449159
se8fa2f7247bb35c7b1e295cb52d39889,-36.751226603460296
sd45edf8253553777b2ac21a794b7b57d,-36.7308025728859
sfa32c0ae9d0632d08d087e7e49068549,-36.37989806822455
s6ccdc82de8ca3e02a704aaf9239294cb,-36.093700411809564
s45818239bbd23c6883c3848fd09b1312,-35.96924444738204
s170cfb3d5df236c9a453a777d1e30339,-34.93044595146665
s567e9364174634449311ddbb0c4a925e,-34.86108298964382
se0e938a80a13364e97a15e4044ebe1a0,-34.705608114927784
s6e529b38bba434da86acc6ec75b57d69,-34.556895442775456
s36c06330a75f3ea68a90ebc0ab8205c4,-33.99395749569278
s573371b0f6d534dc8ce6c161efc7b26b,-33.98797181890667
sdf90854f4b81306faf06329983908548,-33.75623023355591
s72e6296f37f03c5db579292e30983345,-33.410466535221644
sf7856094e44d366b86ea6a24b3274c47,-33.202600345094105
s177b2176dfa8368eb83c951410c608c2,-32.69311105171645
sae7b8d64343d32a19d520e6f4b811d98,-32.22094929402178
s25179e7a29fd3dde860555b8e709c112,-31.8744079534771
s40e771f5873938318363f40f86516b71,-31.813744062431738
sdb3ef1b744043704bb00403ff4323d5f,-31.8133275289638
s28532b36a3d63b78b576ad25b8d51711,-31.29758338710964
s6f852bd10a563c06adf5958b3d9bfc49,-31.128521488847273
s445629b9985334929e0d398489529eae,-30.736119723203426
s24a39863a3993a859debe4cd4ce3a848,-30.704926426082785
s16a3e699b3783bca9ac56edcd21e74df,-30.61477190924935
se7299ce80d7e3e478495936b43516768,-30.384076460598315
s701883b051363eaeaec1700422c18f74,-30.30584368362996
s20c6bdfcbe133e9f9b9d7c49b69e2869,-30.17772988948053
se018d8c5247e37b7a8e98f15532d307e,-30.1483823691024
se9b0a9d29276328d88ad0821a88459c4,-29.944064759223203
sba46c65ac2c43df29cadadee2634d3c2,-29.935722666628116
s63712caf64973bf4972cfc6c4c309dea,-29.82546258301709
sec07f7f97b9f377b971a1b424aace522,-29.59788586773933
s28871e8586963fda93b00a6a28a773a8,-29.39823291511149
s78aff5d858043a6db27aa98fc2060511,-29.357276673185773
sd497e4af4e1b3e9e85d0fc0191452dce,-29.327745237624
s71295d8901e13e6c9216e004d7396ce1,-29.146867598479524
se8c506dd4ae23a9f9b7fb74a26e2cae6,-28.750235582772863
s09e3a329f99830259e9619aa9439890f,-28.564257102681626
s21e9d7c87d50392e8a871e6df5a8f45b,-28.483194149834866
s3b57c53f34203f04b973acce2b4163f2,-28.33812479265932
sc7d63210e9c13d22b676ec00c39ad9a0,-28.115506294363342
sa3d0ab23a67f38e0a8030a5d0bc826d4,-28.029328658176002
s4fea238dd0a5314f97449b733f572a70,-27.970739265615588
s5d2b90fe94943cbf812b186901117d8a,-27.737155064007922
s0a742c6478a5337f8ac63fa87c5ece90,-26.915143682877186
sefa4eabf2d4f3fd7b4c71acdfe1877d8,-26.714608768446517
s57a5e9b1293f36f493c7b158fc09d5c6,-26.60109708178046
s634b98f3f8543830a463230ad3b8d179,-26.59625682735236
sb8c89057285f36d3a2349236fca80655,-26.53875843506126
s2892454b5fc7354ab5f2adc6b7d80de4,-26.448259210994554
s3dc1ad35b1793a66a56524e90326ca5c,-26.398165069604218
seaa41f6d24b43a5c855b8c0ddd998027,-26.159963672868408
s2aacdf4d8fc23cd79bd65e36061b95e4,-26.0452682591623
s56e8b641f356372a8dfe8a883f45f13f,-25.861365535588398
s818e21dc1d743bf8972e1c08a6fef97a,-25.763793475647837
sc15482b0309a3b59b4d64cc2d1d2408d,-25.572602769960316
sdfbab46f5201314ab2efef4d7dce7dcf,-25.5552289763188
s4d72eb5a64d43c99907c37c2b63ee4b1,-25.142496696979144
s7a1834617c3c3375afdffe60a428562a,-24.962527532721374
s1fc83594a01d31e48239b9f621a8f702,-24.954220228721585
sea301303cf5036bd94c8cc245f41804b,-24.896859043361086
s29277d78cf85342b9c5f98d5f3e7cd3a,-24.89032690327914
s9c6707bb888c36bf87ba98921358eee2,-24.797650272581254
s6eb7ea0f5c4a3f6b8938ca8a2d03672c,-24.677168656963975
s993f7c676c3732f9951a4366dffd674d,-24.52616254620799
s63e439e00ebc33968e3723945b46084d,-24.50153219790114
s5e16028daf0c33d08ceb5a9966d6b7ec,-24.46277790415679
s280f0739ce06394d87dad1b2dd974c56,-24.363858400060728
s13a4e25fef4830e8979886c37a566b82,-24.218959896804453
s0b75637e9f63363fa0c89d4ae881eca5,-24.161252784189493
sbe434a56fc4933559960c56c0ed22d3e,-24.161198251448
s1ec77f2258d733f9a22550dc99e94502,-24.05426401388629
s8c64ac51dba4376bacb2a364af84f0e5,-24.00759168942375
s11598708db7e30709966f24fca8079ef,-23.886357714917345
s0701754b850137bca7e49293adfcd1c5,-23.71823382507931
sf6ff3efb6de532e698e864ef71d864db,-23.70681285321815
sd405d2c5e7a330a49ee75525be0ec2c2,-23.589073194810283
s9f74d6a5b4c83fcbae067d522e1c4413,-23.346141763435124
s7925f4ea27c239a6a5d3c3083b11d8f5,-23.09473107612593
sb373fcf5a9033962b01abf7cbd89ff6e,-22.774901957117784
s9e0094d218123437994144c248d5b480,-22.711911517117258
sf1a13929a28935fc9e6ba032f2fb5a2f,-22.47775310841874
sea09cfaf9681360baa68cb4c09231ccd,-22.281293714819313
se328052befaa3db482ae0da81ba9441e,-22.176769489784338
sb3f2a566db2432b1bb77c50f770a7c49,-21.96289555747571
s73fba8adbaf23017ba8e66979ca68612,-21.949663459305384
sb879646f6acc37e19e5d72242df31563,-21.944922164972837
sd9d4832689f43e0e98587f98c825f3cc,-21.91467791304212
sf70ad41e4b5e3db0992296fd3b614dab,-21.74728645876159
scfea6a76fa933fe89a1e59a8de3bd481,-21.555361019178463
s9070de5ae2ef31d5ab4833e2c52080c4,-21.526974433045854
sca100e92a3823abeb1fda81430b52050,-21.50844904378716
scc6eb83fb9fe3905bc8fb07df33151f4,-21.447776853311236
sff16d41bae0c369d9639137056a6ecbd,-21.36524040036185
s2d637d364e8530e29f8fff795916998a,-20.82927110707174
s1e32b7c9883d3c2e857b60dbd612ec21,-20.72344107188851
se629a4987e093260b6b8d03f015313ce,-20.656849743896018
sf11f513499333e36997f0f1a31015201,-20.529647058741197
s7b02f2be496e353d8670a7a4c04ac321,-20.43750149654121
saaaa9ae38d863fc79bb2ecdaac166ecb,-20.262824398089293
sb2c47c3b5f9a3133ab824ab1ba4eb992,-20.24726741377091
sca033810a33339a581088c9bab854e60,-20.20713679404814
sd6508f1f7be63892a6eeeedcb4a0f15e,-20.003570104601454
s76b6737fea3d3b02b9bd846067d917b8,-19.764689028170807
sba325d9cd3e633199eecf3da1615df54,-19.7558662775074
s856e11e3ad943114b5314c16e14c511a,-19.58393835469103
se0d7eaf7c3c732ac842608e9127675a2,-19.565905276606358
s890fdcc78eac3c9fba6738d215bed3e3,-19.55572148190648
s2bd5f8efc3063182bce4f2ddcd59fefa,-19.505291763840624
s627865bd8f1d3a9d81b84047032c50eb,-19.471415602418272
s5a9f742e7a013b02a8848201ca87d67f,-19.31585343226019
s93b29ab5291e3627aa1ae16422e0b2e0,-19.27183751340373
s6bc7ba9a55eb31fea96b8ae602d13c5f,-18.92254604076811
s305c8f5217aa3417a88d526b4f341f49,-18.877824568083142
s0252cf234dbe30d79f708a4655aca9a6,-18.484287049445594
sb66bc027294d3c1db58d4826e05111dc,-18.47832420506474
sb5e880e9631532ccaf999c0599149c1e,-18.321047604843525
s950194815b6f368a842d6137198eb579,-18.30808549297026
s97ba04cdc61137fc8105709369feb81e,-18.29722362312728
sa56d41765c2d3e90af46d076024ab4a0,-18.218474501932487
s66203ea95741325e98fd331ce41d150e,-18.201350377677358
scb3d158db0413bc1abf7dd3fa527272f,-18.189853442621718
s52de4f344a0c331f9f3e8616b4d47a15,-18.155810843747727
s3ad3123badd531679c664cc4a8a87fc2,-18.0214695348248
s7ff02adc261739949c034304350a181d,-17.927063307007487
s28ae990be433329bb35a09643684ca07,-17.924874098590934
s0a0637564b5e3a20b9d2dd74d2bcf398,-17.58709758972501
sdd8e35c8b16d3b5fbdf0e74b24133c3b,-17.58675101931206
s8783da7d764f3ace95eb210f80a9e03c,-17.43306867118773
sc81ddf01958d3528995e616e42bb443e,-17.121754627709503
s2d0797eae83036898699a8219bd89eb9,-17.11187797396839
s2bb425be13d331749cea90c7da74d308,-17.00927099703808
s378474bd27dc3899ad780d625619d149,-16.951952963174765
s527fc7b823cf3b1d9f0b60ce04062f8f,-16.914579170958554
se905b2eed7d73bca8bb07a726338e7ed,-16.71062254837578
s586ffe262e8f37e78be8bc615f0185c5,-16.363314823292402
s5bf98892c6f03486b084abb863116664,-16.27958185181838
sb0487eaf1ea33bf6a56df9b175de8325,-16.250989729415153
seca21d71e7cb37088e86c55c9bdb61c2,-15.756394008087867
s198c41b1fc3232a998873abcc4b5bc1d,-15.45328255711609
s6bb8eda5e09535818a5357c90af54617,-15.42721153182772
s783d1b3b079338d6972ceabeb5b98412,-15.404066054611445
sa0f7de15d83c3204abfa989c9c70f933,-15.305617434696188
s2400d8a43dd63a8d975dfa6f6937e0d5,-15.119325480114217
s39875499f6a73df2975190eba8bc0383,-15.058562624229008
sc1fe37b9516431d4b50f428b8bb8ec11,-14.953170507376985
saed552e3e416366baf199faffbcabbdb,-14.710396484447651
sb372884c7dca33ec820d6b5c9a5b30ed,-14.685109619714025
sc1a3f039f9dd371c8314021d82702f11,-14.661253933786007
s92efc271308439db80f14a5a590a002c,-14.615753513540536
saceb2564c0463e8e96dbe6664c96ab9f,-14.427678088765123
s3d548b2d1687301bac7d0cd8651e4271,-14.346646406263279
s62c1311b08a03f1cb24dd773c7b34bde,-14.007649264987545
sc87e0dad0db933e29a0e2ef0dea8d4d7,-13.940115309187494
sc8d40671298f3d43b7bdfaf80037e5e7,-13.88880184463374
sf2e36109a8ff380497852a2911006636,-13.881084676491366
saa587ce154e2312ca7eff9416d0c0632,-13.740987698243476
s9a5f526a81403df3ade3e2cc894d2ede,-13.615607249745821
sc52ddbc25187342098cad7e8ccb011a2,-13.563878605657376
s1de3a3efee633048b23e2607b6f63ec9,-13.550488237450097
sb70c8cbeaccf3ee1bff1c3c3682ef235,-13.277905567884183
sd6389ab18fe934c2bac3feafa985b50e,-13.236478721804176
s95b181ceb8633bd8ae48fc2d1fa9ed52,-13.073079263372595
s2940d68ba51d381ba1ecabb2c4fba576,-12.903559969721535
s48e7875114f23e8bb0e5faa919f4458e,-12.734289930903348
s85fca97a599b32278d54b6bd6dc3bb6d,-12.699147463383483
s3214b35a933931dc876aff75c2735d11,-12.650202531912491
s0b9b9b74c34b30b2938882116d506fe9,-12.595112610230697
sd8b1979a21ab3c06af676153d9f1c4fa,-12.52480273614426
sd26c3a6ccff9385085c040b31da0b154,-12.219138492441575
s2da772415ef2385fba0c1d299aa1cea3,-12.135664045980738
s879007dc2ae2348e84d10b31c592325b,-12.132389189159863
s25cce19103293de0b833c12e3bd736ca,-12.121531638635329
sba229a72d860343284668e669c79a463,-12.1021196593693
s33d4145ae5ef32588022a0c3d47d3db5,-12.092523884759977
scfa8922463eb33088abdc0da16a386c2,-12.066792047399712
scd0bb007ede43ec492a8249b665360fd,-11.983576828937121
sb7b3a09ffc51317593299af89d8acbef,-11.970623284620151
s5afccbda6ca33f179bb75167d8e658f1,-11.942917529880345
sd45eab32c9c73df38c890f519a90dd36,-11.920288528405763
sa5f29331677636ff9dde58032396b916,-11.655438365988381
se7565d70f22633bebcb4794b5365095a,-11.64138042635394
s6b463046e4ed31fcbd7b72794e94fb54,-11.459742117642662
sd8c98e7cd271305285f9e4dedc1164a4,-11.344914715491981
se8b3baed0c073d0bab511c98cd2d128f,-11.253867951920629
s117bc1f80d283fc091e559cd33f062d5,-11.203826213841179
s557b0abba4af33cab3f4bfa4c45eae69,-11.111136433843011
s8bc73013c1f83597aa8c46f38e57afe4,-11.098457971767164
s47e41bd9f8813bc799eff0967ccce323,-11.058968443805462
s50a9b094eb2d3fc9a1ad018ddeb1b86c,-10.996133132234075
sa2a77c3876b43880ba3908d9450422fa,-10.990931014893135
s1a4129c49885389abbbe07b45f235db1,-10.973591212684585
sc33d6be7473639fd8875c6768e8a5f7b,-10.864258427588439
sd0a02f1f494831bb8e981c470c91f193,-10.863611357774742
s79fd84a487d331b4a16f156c70b16736,-10.774496491796416
s80348ea4fb3e36c7bc7edcc161a94771,-10.737188992720352
sdf21a6dfeaee319c9288fb3ab84933d3,-10.580378820532452
sd6a90910f51f35229723b91b3c3dd576,-10.51046023965674
sa0c5ae707d1e3d6e8e434cc74e464ac3,-10.500271469175836
s87be69c0fa023eff807d5e03e6edd0f5,-10.289468364108306
s4469df1f1a953ea982db26d9ddcb16ab,-10.223092253960878
sedf122dbebdd36f7adeee49ebbb6a7fe,-9.939866064578343
s9c0c673a361a3befb2712f03121edc18,-9.889349068849382
s0d4bc20d8095331fa4ec6108c688ca15,-9.858768164055189
s2a6f3ebfe0c332dd94a484a0e2aecc6c,-9.725688401769695
s9d8168cadce43060aff8ef663257fedc,-9.607951829851224
s95df5aa643b2337b8550f8efe719dff8,-9.58531861940138
scae7c6ef93f334c689845081de847226,-9.535475080944245
s04dc03e449273ffc840492b788883bed,-9.50067487075368
s59a3cde1b6153da1b55270d89662b111,-9.485371194946595
s7c52c5f7ebb9390486915732e5991534,-9.467156234590384
s140b8d252d7e3b589f9388af2d7fc29d,-9.452768145525273
s87337cac6b63382c81073c0c46c5e824,-9.326794409360527
s057ecc328094386f819c175e391df03a,-9.243104733277054
s27290f07728532c9a3d2faa0fd989a04,-9.19718732989351
sff19d4ced78036e69bd88c5be3f26621,-9.196080006165625
s66e2c68743b93edc87083708d95a15e9,-9.157164577699007
s0e510b957e8a3977a5a20ea77b7ebceb,-9.136145690287062
s0b00c5f99c2a34b4981f80b74bd863cc,-9.110842946799405
sba0626312f9336319acc1cdc20d0fd06,-9.073137911316454
sd385b59ed3ba3b77be2f071088dd94e5,-9.05043193650678
sc01d44eee54b3a15b01536e1c039f18e,-8.971135156696345
s1f71862d2aa936df8f532f9166369345,-8.893175449245927
sc139ac0e01143d0889dfc7badcb01464,-8.835940350492972
se93ab17132953d7e92c4177a6c49b5c6,-8.806857039034469
sb32e57d4fd143e5594def3295df272a5,-8.765295872894189
s6abc8002403b3685886f6e2c7c6cd006,-8.747288450622715
s70c060efc4a33916b7e30c8e2dedf57d,-8.741149001463754
sf49246da50a7384086fbd8f2a9d45372,-8.655665576396192
scc418951356e3a1a859876742c5930b4,-8.553915756685619
s88a7efcd055930169f2877e59317c573,-8.497756919166871
s373217e215623d0cb18527b7772b2fbe,-8.48238503189977
s1f9f8074c31a366b8c54102ca72aa66d,-8.340952540998522
s10944ce225663834ad11b597b6228233,-8.212799043091724
sac0844f53ecc329e886bce810481e593,-8.171036792111618
s5fae6004aede3a6ea71e64d83fd10d9a,-8.10795116163685
s38885317ae1b3e8bb486390fa76da74e,-8.012575542247294
s3389318c3e2c30a28b0efab8d88366ba,-8.006656660686481
s72b2361fe854336e83b45df5ebc491ae,-8.003809543482042
s1c6e13eff5943eafb8f80c94430b258d,-7.988161831909082
se4cf33e811e234b2b5c19404fb20f048,-7.945352195782693
se9cb12a566a73adc820262d7d393d9f3,-7.871963517270828
s2aef01c0ea9d3dd897bb4dd634ddd34f,-7.844852511179528
s091c860c6598382d92c3248b2d7fa656,-7.767041419201643
s3c2b0b2cdf463b42b57c166b9cf65655,-7.707829138603923
sad6cef2a36083f949fb110e7f925809b,-7.688617183140536
s9013a39eeaa73a5f87c9187bf8e01445,-7.609124720956281
s2166dafb9531352eb9fed7408cf63bad,-7.5028674310527705
s13681993218630939e517cec7b476b74,-7.382418201161606
s464820db6c9635a694e5faddb3b1b594,-7.341521059424121
sf9e57357b2423099a91d2bf2382298c5,-7.225625152100285
s5c476cb7524936278858cd14aeaf576a,-7.160431457939033
s4ec69b0f1f5a3a96a159ce9d848d0a1c,-7.114857889257765
sd527328de3a43e5e9e67e74e9f8ddc36,-7.085182359160175
se411053359cf3d97b0988d19a7375b0e,-7.081895978944896
s552ef76db4ee3d18b6f73f4fb0cb613e,-7.0391782284098845
s4e40771ff7bf337aa39999ee30aeca16,-7.011315530925181
s1d73db4546d33f2fb137b992999b91f2,-6.9382089548648445
sae55c478e3e73b35b771766a25d4e562,-6.856770706628577
s444aceee121c3c68ae84fb39b3e3efe4,-6.830434689603628
s91e8d46d0a3e38bcaabecf5951eeb2e1,-6.780569391148656
s18846fe0ef673d90a34c7ffe342474bd,-6.723384612186663
scb5566f0469c3c75a08e00f7c401c13b,-6.722048470354547
sddf3217b96bc3d62a99f64c85f959c79,-6.629461949077832
s9d54841448823b3fa58be52adda6a994,-6.616243823379275
s4b48c0c390eb3730b28100b8f084f662,-6.587313077838598
se836f8f54a7b32f4b5acea8ee9ea7ff0,-6.586178843409634
sc6ce997ea47930d3bdfbd8fe761cdb35,-6.576029876197907
s3f9c84b470e63499979b27e75453a0e6,-6.501002465782808
s823f739327783705a9c87304ceec30f4,-6.419326706088466
sf7bfe76418cb30019993f444ed1e504b,-6.408803648074773
s77e02ce3ab0c37d9b69c19d6cbd3db89,-6.321790595301906
sedb7ba8637bf31519a4be5a7e7822f99,-6.314606742169445
sb59a4f2113d83acbbcdbf25a56cf5105,-6.2953647747655985
s95675d812a793db9ab8514a5b82a5a20,-6.257230454132838
sc2f0282258b230acb70c340f616e23e2,-6.253995895855894
s885bd9bb4af13f3f904153bed3f15ab5,-6.206092883272042
s17f9695ccaec34a09adaf7e30a18609f,-6.19126567366833
s0b4dbad807f23360a8783ba140cf64ff,-6.142549860391632
s8d7e01453d2734279912535a1df23818,-6.124441420234476
scc74f779e02a354a81865eb0babb4d31,-6.117897316650492
s3f025c325ba73fd78f33d34e8cb489f6,-6.114956220286462
sf47521e1d0ff30e5942ee93e0066db2a,-6.090646157680297
s4cb1729689013d1ba7823afa54b5b104,-6.059308624110706
s31bb5aca47963bfdb4ce4140d8f4311d,-5.998872004993554
s9d51bef2091b30e08fef52f3d2235a70,-5.965843644803066
s117e812bb2743816a374475e9486c7a5,-5.957199306800348
s84d07d281d353aca8289eee86e2c778e,-5.945374982775693
sc108213d594538d68805e27bf2b7151d,-5.886024317598029
s0ab1a6f4b15e3bca848da025438f1048,-5.823569685112677
sbe629179d57338dcb9eb64c887445179,-5.8092586078548365
sfff59279458d33ea83f78b3355b0ee4a,-5.676254808109469
s96de4f35e3f03aeb831c2525ee854b62,-5.6106668914867655
s98a20dcc0601346fac3ec69e9e493599,-5.610570030011534
s3d249c452268307fb3b967245d9b6de0,-5.588760020213492
s1358361d5d0d3d31b8a32abeab14a446,-5.455356522597761
s6fada012ac07390b92742eb5a1342f85,-5.427970358261373
s10a8a7c2bd443c3593b7c7a1bffb5438,-5.425922130794561
s539f4285017e3b06a45bc72668a838d3,-5.398108048346145
sa622203ebe21355ba15045f36227909f,-5.389548771322843
se4cd8a9d528b3b188d37f3212179e676,-5.386929119538294
s8b3be50adfec319aab1e89b8572aa94f,-5.380646568434749
se2366e4abc6a3d2885a2b4dc0762b5cb,-5.379590633597715
seb8d8c46664b3394bb8d9a998e555714,-5.369437532054423
s0008988a6f483975b6c2cb9c608eb49b,-5.366786228588499
s9c6afd46a6d031ea920d0da92ca1581c,-5.294746573276289
s8ae7e7fd229c35f296e84197f7ac8215,-5.2878200828369515
sb94a2d9abb91321fb6ed101943968176,-5.274234049455167
sc87786b01a4e3a52886a1a269df925e1,-5.242212102078554
s60a32a3f814032aa9e890181921ae9ea,-5.2166951726674
s6b18192d733e352398ad50400bf33074,-5.207709246724715
s182b74d25ef335cdba28b6467ac62529,-5.200055316028447
s785a0a1178cf356eb7bea40dad8f5005,-5.16029760056035
sb6fc7b38cd1034ad9798e37b4e318cd3,-5.134533002961948
s7e079c183eab372db91e8de87f7454ad,-5.12932463890192
s94ea012b7ddb3e0b8e121c39a924d2d0,-5.067012269529236
sc5aec04e65ba3b0c861f76b8c7033ee7,-5.018709769723195
saa88e175cead3221a48a7fe85f63e4cf,-5.011080887026061
se15b259738753fc8bed8e76582bc8f3a,-4.9783935257584275
sf41a216d26353525b09477414214cc01,-4.971806068382055
s212da4fea5b931dcb4ad6e0b3cb24380,-4.971465769840975
sbeeccc6deeda3aad85460290a7b233eb,-4.935923637478435
s89e114208e133009bb95dd729274af67,-4.896819858212385
sd8c5386ccf8939ff81d400d8794ab00f,-4.884096028739513
s73eaf6f6ce4f3654a58a54be0dde9f8c,-4.826992447125068
s44ea5746fa79307eb71cb2ca42be8a98,-4.8207295942296255
safcb4e6c89f430fdad3811fe6f2d6e4f,-4.809095668562545
s7db245be7f9736cc8d5abb55ed1831df,-4.715380037501983
s2a6b3ba66f4a3ccea5e1cb281529a597,-4.713144264730143
s1461d44bdc7135a09ac4c8d0993d26d1,-4.569436904302211
saf192456d6953dd185bc26f6a918e2af,-4.478887839202994
s54dd323e39683ae598674f5314d3ea3b,-4.461644353479258
sa93eab18c5883a21bc2874c05291dc6d,-4.4088647368684235
sb2629c77f0a53e46b8d7218f0044aff1,-4.379228448461854
s69b69bd1dd8b3d84917e97d42fe31cce,-4.368861445222681
s0b951555038b3a92a6d7f3f6ebbf4752,-4.294749168392261
s2b18de64e8f93369868fbabc26ea93cd,-4.280088943764344
sf6ad6a4106dc3927b6638ab592e8d1ef,-4.26090607981601
s0e1b879b5f4830d2801ef84aef64acd6,-4.2361458794766165
s826cf9643cb0392faca690583bd178a1,-4.233005350485094
s9e79ae42b7413bcd94483244cb0e4f1c,-4.188021312728999
s6002a82203323a43b09657e9d18fb520,-4.161489877539001
s09d4027257c435d49dd356d7ca88bc39,-4.107846940410521
s06782786354630b18a690e9efdce850f,-4.042138163221939
sac10d0c6195437ac8da0baeb966b158b,-4.009513083599355
s53929cb82e95396894070a70637097ce,-3.990358741862117
sb610ec4d677038aa9333118d5979fcea,-3.984352677446207
sd16d9d5f1f3f3bf5a67a4ef2d8b30581,-3.9497819950175845
sdedc64d019f53b1fa297f853d49ddd4e,-3.938829343628427
sbc6d95a825743d73b1d12321dd3a1213,-3.9102674229505823
s1fb0627eab9536fd9b48fb395cba8bea,-3.9065693365860916
s5a73efea9caf3dd299d6214212795f48,-3.8582547182859983
sa426fc749cc93384be59a09598090622,-3.85652109742092
se8aa6d44ccfe3ac191cfc553722463ec,-3.849873963154856
s52abfa6a72033dd0adbdd7a5c311196d,-3.822047715006814
s0482d3e8a37f34c08c82b83125f452fa,-3.760987958295857
s72f74d5df4473a97979323926641f0a1,-3.7523665394191674
s91ec295c510e3161a28ce667b426dba4,-3.738624884612534
sa0d9bcca567e365a8cb2f4fc072965ff,-3.7366424140078713
s2fce023531803a0eab1fa8144d2ce496,-3.715372192195531
sc9448217560532649af8d58ff5e6f39e,-3.6675869231566267
s879a7e4eda8c3c3a8adce68ea97ebc2a,-3.6371754493419886
s5aa05007ed9a3e51b064b5e2bcd0e41c,-3.5995591717078526
s728a5a6b92163afbbbf36d64b795ad75,-3.5654278997319935
sd8379d8846643a26a29c99670d48a35a,-3.5407207145933413
s45d74cde757538f990a7cfea96c9e329,-3.505396181988008
s5f1ace74aa7c3860ba5d95c468a1de89,-3.4724905982057166
s8e79ff2e548b37cfbf19972e6c43f183,-3.4640477674996504
s60c2fe5e557238bcb80d23f6554163f5,-3.431664954243004
s6e7c5e0cb8793a8cbfbefc4e8ec57557,-3.4141615157773764
scaf4fce6291d354ca35aee3b35295aa2,-3.392828843162345
see78ed14e5b33284a060d09021127fd7,-3.375803762951641
s62e47e45f8e133d180b45590c07a7f38,-3.371511570052
s55a7a93ef58f31b988d63ae37536c847,-3.368046924219847
sf411666edea63ba49a23d0a9f240efc2,-3.3635421670970054
s658ba1fdee8732a5b0cb1980a9f46464,-3.2477865780132795
s78c2c2121bc33c8da924754ed04f8ed1,-3.2394165429691526
s506871826a303a66b809c3e9ca0a1176,-3.235299837473189
sf8a8e2e6bfd932f19b1831d396a12926,-3.228771647758819
s328b3810928c39a484b364ff70d7649d,-3.216808599660066
s756c064ee4443f21a3bfa6f8bb054dfa,-3.211645224693868
sac7db5b8d6503bf9a328bba2253967b0,-3.19964108268438
sa9e427c3e25131d396e5df4b480d2c60,-3.1918756402932544
se90b757f929630fd860dc313a843fb63,-3.181094732831099
s7f818785b8d13ec3b4b82e14db2d853b,-3.162408553456011
sc6d1e4696fcd3bdeb5043ef0bda9c541,-3.1441210809170137
s1deb53191b263b129604b558b46b0a0c,-3.127039721275544
s9e5bf62db62b3f99986d219699dbbcb6,-3.087744339488136
s71c2f3e41d173d57a7254e10d2fec3a3,-3.068351687151125
s0a929ecb4500373c99bbaa42936165e8,-3.0450703003970236
s0a8b15fd6177373e8e66fde0afb12cc3,-3.0188365101915053
sb0b7c776dcbf3843bd2afe706781c37f,-3.013074542136348
s878eb2a201833e6b8ee51510f49de7d1,-3.011191112676002
s48af7d0ce7bf30aca97bcb4e7bea334b,-2.9534166166284095
s517d9511f533313d83b858760084fa9a,-2.9494543933066595
scb2c06cc3c7a3d2c861363e0cbfa9f8c,-2.9372232348666536
sda8aba05163c35aabc54f711baea5b06,-2.934340395406892
s034e29ecad163613b217e860ed65d31b,-2.9318140105657022
scc06c8d50bc73516b2e23266242bb200,-2.9018482216061656
s6cb727b3a2a13163a8cfa12ccb50d01f,-2.89675566009063
s4ecad06df9ec3f66b538316523f5d22a,-2.8377025051625644
sdc5d5e36861d38199baff849b167c574,-2.8233098355242703
s2b00e7a942b63375b2428ec708787515,-2.7666386600431707
sb0904577dfb136fc9065c3c2c6ff5ab3,-2.7517506431359884
se162923cdaf73feabe78184172ed5068,-2.740833953320962
sfb5f6b5f613f3aaba339ae9d1fff2685,-2.707075108624398
seff299c425b136c9aafc683dfb48fdcd,-2.683865381820965
s046f5cb9223f390db4bcf12b5e3217ae,-2.6780179010418728
s3c3628cf34883062adb4dd6ae782bcb7,-2.6550825089556653
s83e9edb63c68320ab78eeff279206b63,-2.6353880394970695
sb2ba39cb5b0a3e07b610382bb7d672c8,-2.5932061277972274
sb71e6c2fd015317abbf6cfac03b93b9e,-2.564642503980931
sa777558f4cb53affaded4439ccd3af50,-2.543304902746545
s83334436cd6c34ab92248bc1123d6ad7,-2.5170293841708116
sc04ffce305833e6caa41c691cada1f2d,-2.5076514769147877
s5419d723c91a3500af42ddff29e1a820,-2.4984472205805197
sa97b0462ab153d299b301faca1968db3,-2.47754608120713
se1f38e19ff2f31ce93a68def750ddf03,-2.4676637957269882
s8eff5d01ad803276978cd440bb68b910,-2.392349662669133
s230d1bc595ae311bb0d322aadd25a292,-2.3838950126779412
scf25cd6319a9376da5d8481dcbe1ed7f,-2.3813174547489453
s1f9ab9074e2a3a0190838972ab0bee88,-2.3798233271893885
seaa9e9af9c5b35a1a091c3c86e393927,-2.3666236178395437
s3b41d8b290f538feaaf4036882b0b4b4,-2.364737623744837
s0be9f70eb0eb31838a9f332b03f3815a,-2.3340580129785415
s2df7d210ba7933c1ad5aa1d0e61d3f31,-2.3267726529902006
sdbc302f70b3e396b901590aab590923d,-2.2630012491642795
saf30ae4cac283acbb85eea97f60f3137,-2.241914936118505
sb29e7bad528e3d87ad944e4fff832221,-2.238020352033196
seb71d1e368bf3ce9af13a82ea2ac1afa,-2.2227536102700114
sf4bd7bd030203aad9e4730b7a831cc76,-2.2205471521223927
s195c09711a76367fb6cb8940ebaade09,-2.215931307402073
sbbd03a9a6eb63315aeef29b10f4775d8,-2.2077575047275175
s6c1a1179e338378eba00e6f68840bc59,-2.2077221891397834
s50541ae378cf398f8e0c1632304e2106,-2.2075740237663695
se2e6df5c26dc35bf9438407afc53f100,-2.180016024434625
s86ad13b8000a3a6289bb8cf670dfb0bb,-2.175741723416948
sccdb20a54f163bebbae1ab86eac8caa6,-2.136606941166132
s98e3a21cbf8b380ca49df6a17087684c,-2.11670774911671
s4f82cb3f887e38c4ab4ac3646dbba8b4,-2.102691121465977
sc5bd76595faf38a4930ec944e1f59442,-2.100119946183451
s0e92fc7f225b3aa8ba35abe8de25adf5,-2.084097462394208
s8174a2d958e2352cb7be46c26d4648c1,-2.063231258570738
s1da981d32d183d739e70aa7d363d82db,-2.059199085216399
s6b0fe430d7e8394582807eb14be41a3d,-2.058666149863928
s40a3d83e27973cc5bcb7c98d5bc4c880,-2.0400671989247314
s3fa07fdba1f039d7931fd537252dc278,-2.0235180992579878
s71d62103e846383bb101b2f81707d10a,-1.9995150753057445
sb9cf9435f147353c9ec0f41db4fa164f,-1.9970795276570037
s84b5374b5e3a39d683c5de9283ac9791,-1.9935541463355406
sfd02a4378ed73810a7b2804908523822,-1.993278183693505
sc43b9b91b6733938be76392ce296ad2d,-1.983554146335539
s0264ff1a9cd5390badc353c68fc3c623,-1.9643996588717059
s4b4e5706060c3cb584339239beba5d56,-1.9630478985475648
sc4fb67bef77a39d6b41bf1a8d4a5ef4c,-1.961202789662675
s05481bb8357d34829ce66ef5327074e3,-1.9544065557371155
sfd9d2b7f2c3d33ba893a2a3f9f844939,-1.942437240471957
sf8f7d131a6533f2b9c16acbc350ceb50,-1.9418664712585851
s90f81cdf59ec399a905e9271cb9b0f8d,-1.9375591315012777
sa1dfecd2f2e336daba7cf825fe8f66c7,-1.9298872043159108
s6a6dad3945e93a5386a11a7e787e272b,-1.8919478867675608
s43cc6828e1483715b343532f18080159,-1.8849257518554445
sdf50e8a3cd3c3462bb2ef451b73f4258,-1.8642914605547283
sef6f6e5d504f362a988012527469fda0,-1.8587866004858533
scf4ba4757b5f392290e70b1c085b29e7,-1.858356253023743
s2f9f551cb1433030a190ec873d115c78,-1.852757337628983
s5f62715de6293cfc884954fd1fe10fd6,-1.8520988563162923
s98e9e29109463cfd81a3732ffdb340ed,-1.8480740115739103
s36bbb96c4d07386592bfbb09470452f6,-1.8132781836935017
s2231a3a34cdd3696b14fce2cadd82550,-1.7701181359098044
sd732d266949032a6ab760b4062530e83,-1.7617387695647118
s78479c217a9139728a79c08fd9297f4c,-1.7601847495550729
s1828de8406a73f0db1dee063fbb27b13,-1.7159745686860575
s16647e6daf56346ba063d10c699d01f9,-1.7085495600690912
s98285ad011533d84b0567b377aee3e1e,-1.6866692082714003
s924e5a161bcb3edea7250acfeff20afb,-1.6801554735424737
sc5ba42d8ab323a1bb8c10af86cc8557f,-1.6795321882319705
sf4847e043996332d8b47eb1883408689,-1.6691125985719104
scfa154016e0b30988659a1f2b14c1623,-1.6295656710011919
sde7e538277803713919961a4d3dbb7ef,-1.621390188328217
s4e781af9fb543947a8485f348d07e9dd,-1.604856680731256
s09603be5f9c43fedb6128eb741d6c745,-1.5886711887616762
s9aab879f81a83c4285e6e67cd805da9c,-1.5642439709844815
s0cf64d37238834678c6f538c60ed84a5,-1.5622352472053862
s3652bc0cfc9e3bcab490f021a81196a8,-1.5553666086924487
s18cbc8c7fc833a80ad71cd3bd358f69e,-1.5551125861126245
sc55ccc9984e2312596af8439960ba2a7,-1.531933063385729
s2eebd64db0643e7eb426d6af68220c73,-1.5081840444743833
sc50c4c2a60643369a3ea975e1671b401,-1.5035232604415825
s1f3dd50399ab3a5ab53d038959856306,-1.4935366024701722
s6515b7a2087739e0b65a5180fe32a658,-1.4932943785324717
s067c46f85cf43236b805b5330f0d0c6a,-1.4898624091633508
s2bc52a0fce2e3acf8222088f824a484c,-1.4866754747690436
sca97fdf0d8173abc88fa997ea404499f,-1.483523260441583
sa6c1c22611e43758b5b23c708cf05e55,-1.4552011468297223
sc06dc675b83a3a32918366d7455ef16f,-1.454887981713913
s3f82491056f43d9b93b9f0c00d109a55,-1.4514679776888642
s167280af8f9d35bab40aaedd981ea81b,-1.4441188447262086
s9dd5d6d4f49c3e12b8b607522f21f5ee,-1.4336850296133754
s198e9d8f70e3337b9bc4756f255bab0d,-1.4292933000177008
se8a903f1038b3b94a053a92eb590c5d5,-1.4114773362163717
sb5ca6c57d7123156a0f58ad432897456,-1.3962872655236254
s43d088996d933009ac684da0971c62d2,-1.378249322492401
sb0f033ec8d2f3112828bb69e599f126b,-1.3741349573410702
s93d33be6646630c888e6247ea7c9bc6c,-1.3698572592106153
s4746123d546a33bebe15b9897d8c8b70,-1.3657703985945346
s9fdb59d8c8773237ab1b40aa31ae69ee,-1.3622461608193674
s79385936a1db3bc88bb766329023c560,-1.3511118758373577
sf9ace92f52623e7e8d04250e78198974,-1.3352903365698907
sc1566be2a1bd3dcca6fb98da4abfe45b,-1.332921405406431
s4b3492d7e32e31c98770b0a020103921,-1.3159895059324533
sb462dbf83e5533d6b88ec99709338c8a,-1.3021239024951186
sce6b890ccc0934a4a6d6da5583a0a7bb,-1.299237204192078
sd08f9e74899c302581c3301e7f0daf4d,-1.2941386234159218
sf4f5835a6f0a3d0aafc1a663341103ca,-1.2894065637128733
s8538f67784db31c6b333b729f0d30334,-1.2855125176909183
s03414325a201348896ed3dd738501ce8,-1.2739695769417168
s321fe5cdb821371b91fbcba95747d3aa,-1.2658180309491627
sa3926a8dc754368095ee650c7a18fb91,-1.245512517690912
sd6259a95b0393e6f96cad12379fef5bc,-1.2241403071645998
sdc838a7728693904bf4a51d882bc5ac5,-1.199138307343933
sf4a725cccdae3db891f320714801fcea,-1.1912335209056906
s671c5e0c3b4532f196ca095ac4e5bc85,-1.1767419401809178
sf25801b1eb413425a7628d43fc4f562c,-1.174164572446312
s065019cbbd5b38f4943f673b1b76f439,-1.1693718437371636
sb2c05207a319372b868e033a4af16c3f,-1.1676949094721145
s6f9cabdd2f583777a779374dfd66b3c5,-1.166138359275653
s76b9d79362ba34fdbd3e508802c78aba,-1.1605735801227155
s18aa316891343fa7ab46c38712874c3c,-1.1550233924224926
s76179359a72c3f778d2fabf9c45af8d4,-1.13832450028195
s02600791d41b3b04bb1b2413bfae41cd,-1.1312335209056918
s95d0a95167d633bfacbbd55fb8c54606,-1.1153036734382944
s88a5bb2b98843330b22834e6d7ea9580,-1.113905039689115
s2851c51a876d3ae8b6ce7a24cd859c4a,-1.1035730361642884
s234375d3b06b3147b6bd9ead50c5388d,-1.0943237666048162
s463de4ff5a053b34a14e296333df3274,-1.072866870985429
s79f145dec0333a2ea5b685cbb396c367,-1.0714322063849302
sdc018e99685d3eadbbc592d59e0ba16f,-1.0678447387788381
sdbb1a4e32dc53ef79c4e82a3a180e78f,-1.062716321123169
s686bbfb16da333969b070608edf27428,-1.0144795704782226
s30d3ce43cedd34dfa4275b997aaff5eb,-1.008160259094005
s71a874d2abb93e1f86a8b4994cf6c9f9,-0.9990277974243433
s02931f6052b3351bbc34ad05ddb938d7,-0.9928069614670001
s7f4de370ad313422bf6fd3e4f2579d63,-0.9870202241645636
s7f74e8dfa9463a69a44dd78c903616fa,-0.9821239024951183
s5ad653fe6e7a3af9a3bc7465a19d6f7d,-0.9749680047158051
s3d44e6b5ca2e32a198c8a55bd29daf6e,-0.9696738282082968
s2beb3f8be1fe33c590b8a6f8feb39473,-0.9687115680391614
s91fb184e6b573ae0a8d6cfb74eec12aa,-0.96782881462196
seb2a04256f443c9f8fe817a4bc5dcc53,-0.960758206557653
s133c52184cc73c21a511e9189fe58ab9,-0.941779122507814
sf7ceef05659f3dbc9d64e09aae36f49f,-0.9377843865177482
saee32dbe3d8e35249c78f57496baf108,-0.9094352762850342
s05b7ffeab2933372af8862662e22a8c8,-0.9075429286007974
s5b2c8748fdf73b78b30a5fd7839e3e6d,-0.9007582065576507
sd39d251bc27d36679f10a58e1772c678,-0.8976006194966217
s66fb3c6094b63fe9957d1abb56fb7418,-0.8841576536694404
se5c2d5f27a2c352898d7d9151b213c8b,-0.8839571505890547
s57075d3fd08a3fabae2b0adfa7d6e3c3,-0.8812558538327835
s9fe7b7f04b0f31dbbce158f802b79b3d,-0.8673014373894254
s412eff067635335ba4723eef545925cc,-0.8655927590574066
sf2bd715e484d34bf94f2ffa064634b99,-0.8603605551644371
s2186c9f1214d30ceb0b88f0a4270d463,-0.8597472889669433
s5792064b164b362caa8758bfb7eb4c66,-0.8499818429550956
s6a8dfc9d6b91322f8fad030e9a49b92c,-0.8472195139356806
s71e629cf31cd3c5eb43eb548df8fdf2e,-0.8453094255536051
s2a6e19210ad53f6dbe8e88534c5d3ccb,-0.8407750939445329
sa6c0141f420f3e5b8f335559039a95f3,-0.8312558538327828
scaa32dfa32373a96bf1f215b533f6338,-0.829239872570799
s8e39a26d2e4b389182c7fcf03e1619d8,-0.8247799281439576
s93548ff29afb39a7ab2930db9d68d277,-0.8218357257906703
s4f5a1e5f973b305d92116a27a72e34a8,-0.7976006194966239
sac748e8850fa3f03ae3ce7e107e2331a,-0.7915257571452301
s0ad554178bc03156a7d7578d5967d18b,-0.791233520905692
sad1ac79ddedd3a398f5f00b680c38051,-0.7897939960997888
s5e0b0ad1edc63c54bccdce90d27d1cf3,-0.7878288146219603
sf81c7864e5d33f3782875f894e2ab4fb,-0.7813643067030682
s170aba83ec1b38acb28856959e573806,-0.7774066621648537
s1f1d194d68453299bb583d1a423f173c,-0.7726198031506488
s99fb683d967733358a73c934c566fa5a,-0.7713428972433007
sb24885bbad4c352fb1e19beb765b3e07,-0.7652183757582378
s5499159e14f53b3a9747858ee16d608c,-0.7650140105779855
s526a174c3456335bad9f90eb11b790da,-0.7580552102053595
s793c609846b83913bf2819f6ab8f869c,-0.7568144269815598
sd2fe126ef476389eba0ddbff3c7bc87c,-0.7550140105779874
sc8a9b7f86ce53080830c6b9919a2a4d2,-0.7540758377289585
sb91c481e85c335a78845d7c748bac895,-0.7527175623739701
s164faaf8b53b32a6a8baf81d14268bff,-0.7510553554095836
sc531f469fe6033868696da5b61a8ac3f,-0.7476006194966232
s0652c92ecb723699bfec95758190c667,-0.7464497526995117
s9333f3704d0b3daca60f1252fa4e9a29,-0.7448027622398392
s31c12b03645632dfae04053d5ffaee2e,-0.7407460441899758
sad5ac4f9e6c43666ac45abec8a177d4d,-0.7293131822211265
s53d4e9e0d71f387eabbb3603b1fe90bf,-0.7270134584483117
s1d5eb7695d04317f89f1b3325732dee3,-0.7244783777397537
sf3faca5b6353373aa50844207c16b5fc,-0.7235411893655517
sc2f441dc92363a3f8a612aaadc4385e8,-0.7141349573410736
s3fa9c081fbd63171b811eb49b4485244,-0.7071872935851466
s216d4efe9b0c32f3b67adb056bbe9a91,-0.7056507495963658
s36a03ee96d063418ab97143b33959353,-0.7017927424744883
s8a22ed3b0c3a362cb0f3448eb267ce11,-0.7011314379907638
s53674e7b87ca33b9988bde7b4ee4ff90,-0.7006605197229376
s40ca8aa634653b53aa3396dce594b7fb,-0.6860518494339303
s4d46d54d7b2238d98024804f84a6a57c,-0.6850140105779872
sb3892729abdc3ba1aa5531fa02de261a,-0.6814586527418065
s0947f2c61f133b849af87370e783f4ff,-0.6780397415417276
sa649b0f309be30deb02b5faf9f4f7906,-0.6705221029970048
s982cb1ebdf1d3bea8eb159aa21027522,-0.6664196525854607
s97efe5ad28093ffaa6e501d9529c46e1,-0.6661383592756529
s268ca6f74c4931239133ad122ab91768,-0.6614586527418069
sc2e936a1a2da358b98aa599e9221d54b,-0.6614586527418069
sf6d285ee83c334cdb39d1d82049cce9d,-0.659612316524214
s7a54ab821e833cadb42b1f69ef952545,-0.6555901895301943
s976a8d92f8cc3398ade052a1be649786,-0.6430459285852876
s1765465856a434b195bd3fdaf183eba4,-0.6372702505076937
se2994fbf8b2e38daaf91e394d9331841,-0.6353469230921434
s1637fef3ab5437b8b01109945d35fe8e,-0.6307521915930501
sb9b23850ccc934418043ed5ab4261091,-0.6207189518666851
s324cc4a468663c3884dc6382f818b4ff,-0.6153469230921438
s3e9fbb09ec973690a36367dff4a9c6a2,-0.6151097633826801
s51ffe0032f333c479d766292f4aad588,-0.6080641261754849
scbab5fe1a26f3344a8c401e771ddf9dd,-0.6066583075984369
sff800bf2f00f3fc0aafb16eed26e8ec0,-0.6046349559019006
s0876648aa9973df99d07bd0da6bbb05e,-0.5980641261754833
sce6d956a891f3a3aad20c5a3bf27c9cb,-0.595423244117935
scd1923d8b8d8342985883c6a000b480d,-0.5920986402288513
s98fc851c6bb235569435640ec5044aa6,-0.5843963915772292
s6452e51318a53d71809d8f10c7ce8f0b,-0.5836863925764746
s665aacd4016e32d48937ebea78e6c83e,-0.5825694508710306
s09a8ae8380763434b1178c48dbdeb38c,-0.5801894483895857
sdfca9b395b073e2b8edf8f23c8ccaac0,-0.576100446270825
s7e2f6d91056b30dfab340f7bf8a83a49,-0.5758463621361614
s625a049f822c3d409c06c1642d95de2a,-0.5707189518666844
sb918e599dc913fb399971108aa224943,-0.559891937614406
s5bf1f79db96e36da8e23a28a0f03373c,-0.5438467468798329
sa4e4dba31b5334a7b6ea071116f7ea58,-0.5367281038845526
sb10c6fbe95db31bbb65cb817cd1ab311,-0.5347871018268631
sf1785ae363b53920b595db93a4c12959,-0.5339031947897048
s1928f485856130669c8ae23d29cad308,-0.520433046545346
s06f60aeff28f3c92a625ecaa79f60f25,-0.5139050396891172
s830e1ed245ac345d813ff00d1c3f6376,-0.5109331287512937
scac3a73cd04d352f8b866fabd01af4a2,-0.5069061186318606
s6a856c5c8d2f362f8a8ebd0cab2312f2,-0.5045597219699438
s1f9185ae1e31343691f68f26b40c7b50,-0.5040387989742534
s99b30499663e3207946558737ee9a35f,-0.4907189518666861
s0e812f31dfde36d68133fd7acdadc6a0,-0.48455972196994423
scf587c031b033871827be9d11734b2b7,-0.48437705253564545
s874332379b2a38baa497c5bdafd08cf3,-0.48139564826120207
s20ec687ff815343a8db4118d6d863870,-0.4793457929922518
sea004b0796d430a486523570dde752bc,-0.46600172671486106
sbda1a02ea8cb3fb9b1868d4a6285506a,-0.45325867871447656
sa053eef1837d3346888a6365f0e70ea6,-0.4268601584741383
s88119282ab303e968b18cc85297e8bdf,-0.4226403017851972
s8b4081d707df3b87a6cc77240a5a9b3a,-0.3872021360753912
sac25d9c6ec35328ca5b8c65a58723014,-0.36669709781009274
s8701438cf15f365cb3128827a9c8a1f8,-0.3207189518666844
s29808d42037b33e7841dd50ed9140884,-0.21851979756579532
sbe214fdfb1ef3d93b4d0968bf228d3de,-0.20751721567707904
s75d062dc36763175a77a30286d794330,-0.07604718326499338
s477e8287d82c31cc99a6abf9b7cac5a6,0.012706794980516634
sf101475093783f03ab65c5c31260c7e0,0.019896622345932258
s2542290132843170b72ed2f9831bf9f7,1.5618202504564032
sd5e597bd3d03398698395e975b26c15b,1.612706794980518
sef4eff5585f9339fb2ef8f91f28f8998,1.8096773998319868
sd23dd96582b93725bf66f6c3fadd316a,1.9013744352022606
s8195f7bbf7eb3449b03506b7b20ce571,2.0957961707681463
s372b365c4b3130439db7aaf05d34671c,2.6000813819513056
s366c69bb50ab377986aaa50524af5190,2.7454686276432128
s647ee6df5bda3a368118b1dad96bd2d2,2.82222439305324
s8a82d677852f3624a7ec37bf2995131f,2.873657177830019
s90749d2ae4bc3d96969ffabeac7cb86f,3.388642570384082
sb94409fb8d6334249d6694fd50c99141,3.4477388896072547
s86a8e581781d34218aa63727da94a65f,3.754524683342357
s6c23aefae5ae329587be84effaf624c9,5.277317947821629
s8169f820b1d63de79e4869c347864e05,5.7683651646510015
sf04b39a73a0236b39fd0a9810a82b19e,8.429891331965727
scf4e8b04f6aa35b9b9bf82debaaad1c8,8.439677285347837
s124d423707523001aef61117b8d126fe,8.540689671324817
sadc456e760323498834f464c25e302d3,8.753116980123249
s5d9ad18d1b9730d7940766ef79d62ec6,8.783935888148555
s210200b7d75b3e03b907bf5c7d56762d,8.790084198288788
s4965f6445a1c34a09a8cfdbef76397d4,9.212784419566102
sb8ca238f5955351f9d61150ca3483672,10.18904450324736
sf2a947e3452a333e82c0b035d632710a,10.212784419566116
s2cd5fd5e1aa93632bdabf339d2e53a56,12.36138290028078
seb9eef933f153b599e727ab773a022cf,15.068836325351107
sd57ad8d48b86373fb21f12df3009d874,18.248400966193433
sdc320845a8fb3949b988bb471dde96cc,18.37525730448113
sb63046c51ff237d292c9e43da624a07e,20.939854373088618
s2c10a75c0fe939ba97d0bc59650df61e,25.501354874213916
sd84dc15639463a2b9d8b92831def13a2,38.10272314930333
s49b2dc0f1e9b30f19f3f681c763f3a72,44.10270797641063
s3a0bc0b4178333ed9cc2a11bffcd8a1c,44.13835898647722
s9b82b3a4647a327a91d5631f8d34dcab,48.42195954275597
sedec69d2332f311e980ff10cf0ff7ea8,50.880508605281925
s66c0f4bec853392d836c8e57f5464e83,51.8698981501287
sfbac77f7a1ef351083c209cd546f16d8,56.15514473507258
sa24d1fedb2643b7aa2a6227984be3f75,71.56750241933582
secf1f393da803468a6128853eef362c7,72.5052468762246
s2b38d9db3a98315293c259b9e5a34dc8,73.99600110431038
sf3164a048c643195a7ddf2ad7d481000,91.29067313151276
s0cf6ed990f993abe8941c0100d9ea3cf,98.95831509604876
saefcda6fdd8a3a039ba9c2b0563414d7,117.43074815830713
s4c8a82a31d563820af56dcee24febda0,119.47222362023867
sb1182225d0813b31b49fe7b64dfd2340,120.30188683491477
safd88c119b54386b9994387f34c58cc7,126.78390131499248
sb1e249920b2c3c52a7c362c3120272b3,130.47136577282592
s370bf95a731639baaed92e3f4ee6fb3f,141.1402309524654
sb6a85785b2b23ba491232e9d184b4a48,149.06419731926175
s9efd5d7f542f3d058111ebb070564d00,149.3760282392233
se78ed20c170d3faa9b3df6cc80cba324,155.84819009855855
sb50490b1901f38a1bf6ece474c3a16c7,156.00271182847786
sc6715b6eec8b3730ac6c342ecd773551,164.6533073961468
sdc6d64c603cc350c87a0fb77ef682ee4,170.72885989313292
s2aaf4c34f5603037917e1b0940476ccf,182.68913049757396
s639d15b1a63e3ef581f8f465e287a0ed,202.96300623867137
s815e2f4f642a3974a65b13f27a9ad8e8,203.6397672542961
s66f281d260fa349ab2d596be75c6c841,209.40215403801804
s633d1afc71eb30dcad4bbacbc028c8c1,215.49757783842463
sbf85d84b7ab733a4ab05680e17ddbe96,217.0088206752463
s44d587cd52b23fd589efb43433fa3156,218.86564933264168
sed97b92237af3825abfc452023c53df2,237.86367000698846
s9f2ad8804a423b8db6b24c0b7207281d,287.9963592803252
s68ba9147c0e33d5ba74ccd226819a278,304.411887915617
sff0823291b0f3906b76a49fd683b2135,317.1309604115745
s23dc4cd8d5bd3cc4b0ed358851b91124,319.8097793654297
s2153a2fe09e23d529a661078b0248a25,358.9094660841716
sec369060da4b3a1db92fb562845939ea,359.81313355696597
seb40902f97de339eb188456fca14304f,366.9138428150876
sd76a0fa5193a387099dfd91c4efcad87,367.59616530965656
s2054bc2c15e136f78e9ee7a0866f2239,369.6386446646377
s60d229fb63953292829c9adf9ee48c29,382.0028781851633
s793c465878b83738b1a4fc7e55f40e96,391.80455637795603
s326edef3a9a737f5b18b74b9830554e3,393.9130551593071
sc58a43fd333f3347a867b8a996889487,405.70386146967724
safd06d7450633503b62eea4706000193,407.2726018134389
sdec5a9dd5b8b3c9896eb6ed25b2cc600,412.73512605590884
s5628792440d139efbad0a5ce4bfe1fd6,462.6214994188373
sa869ee9a53c132f4a123c84ef0b42517,487.37965985384767
s98ec09fd16cd387ea70bd63bad44fe08,536.6365493259799
sbae99eb502693ce7a180e1aee69ec36a,546.1884670455911
sbc021b8e122033ee949026738076893e,668.3053166192815
s43829260c42739bf9b371811f9353e4c,670.0674259886537
s6435f5a8efe738cf8b9199557b6b1c66,726.7445577750884
s569aa8d168b632e1ab5033014c51e288,739.5883015735216
s3f7619c5a7ba32ea8d5711db5790607c,740.1150626277068
s08aef7872cb53fd9a8a03f6c7ca1dbeb,1263.6366811157477
s2005cbfe6cf632b38c78012372404458,1523.6520706788592
461ae4417c244f6b9b9fd276ec0e933f,1535.5441207035246
s13f7026181cb3d888b3c697b7f0d2e07,1569.9961185098466
s7aaba7d7dfa039a795ce162a35090a68,1591.509408559044
s27cc7f335b53352ea0c6ee9d48709109,1741.2957551883162
s6ee41e574a1131bb9512bb6bc2be5a4a,1833.1858869241246
s19212bebecff34ab8b26aeb77aac24eb,1897.4990473819287
s8f64b965ac7631fa80fac1b8f2cd0d4e,2736.911518579458
s93ae90be1f2338c8aed299c67bb90d97,2825.737639164782
s027ba514af1233178e8437cf0139a8e8,2858.76092263201
sc76a67adc9233fa180dd688740fcbb58,3148.000416201664
s33a5d0aeb0ba3544944ba89b3df11f6e,3574.9227116060115
se41c80d9c536388dbf6bb0c3e42a1c9a,3579.953040192693
sa2527e58eefc375fa354cbf90409941b,3972.0620801213936
